{
  "test": {
    "n": 624,
    "accuracy": 0.625,
    "confusion_matrix": {
      "tn": 0,
      "fp": 234,
      "fn": 0,
      "tp": 390
    }
  },
  "train": {
    "n": 4708,
    "accuracy": 0.7421410365335599,
    "confusion_matrix": {
      "tn": 0,
      "fp": 1214,
      "fn": 0,
      "tp": 3494
    }
  },
  "val": {
    "n": 524,
    "accuracy": 0.7423664122137404,
    "confusion_matrix": {
      "tn": 0,
      "fp": 135,
      "fn": 0,
      "tp": 389
    }
  },
  "overall": {
    "n": 5856,
    "accuracy": 0.7296789617486339,
    "confusion_matrix": {
      "tn": 0,
      "fp": 1583,
      "fn": 0,
      "tp": 4273
    }
  }
}